{"norm_comp": false, "f1_at_f2_0": [1.0004700706094645, 1.0060828899951009], "f2_at_f2_0": [0.9974288863037043, 1.0051246713051314], "f1_MAD": [0.003141321412076073, 0.0037933935122320904], "f2_MAD": [0.0037933935122320904, 0.013330222014644436], "s_fit": [], "coeffs": []}