{"norm_comp": false, "f1_at_f2_0": [1.0106118356194447, 1.00097506614377], "f2_at_f2_0": [1.0072230262000716, 1.0009858052562475], "f1_MAD": [0.0025366935569012994, 0.003465083299582983], "f2_MAD": [0.003465083299582983, 0.011618977295632476], "s_fit": [], "coeffs": []}