{"norm_comp": true, "f1_at_f2_0": [0.9833179812832039, 0.9994193137051073], "f2_at_f2_0": [0.9710239955232214, 1.0005495132534294], "f1_MAD": [0.05787617271678666, 0.003689560420921776], "f2_MAD": [0.003689560420921776, 0.01018688158513793], "s_fit": [0, 1, 0], "coeffs": [[0.9833179812832039], [0.0035867199437875546, -3.805648240593239], [1.0005495132534294]]}