{"norm_comp": true, "f1_at_f2_0": [0.9295149649986527], "f2_at_f2_0": [0.9426208570280652], "f1_MAD": [0.0032671551753092475], "f2_MAD": [0.002938126890689034], "s_fit": [1, 1, 1], "coeffs": [[0.0003568654439042062, 0.45425364417009667], [0.005359584986685085, -6.1950930443173435], [0.0009183500269442613, -0.22307985527308702]]}