{"norm_comp": true, "f1_at_f2_0": [1.013117991140793, 0.9972829686938878], "f2_at_f2_0": [1.0076721393177153, 0.9981610765772908], "f1_MAD": [0.003108976263179318, 0.002537358663021704], "f2_MAD": [0.002537358663021704, 0.006328121165349962], "s_fit": [0, 1, 1], "coeffs": [[1.013117991140793], [-0.0013122954015590189, 2.7553427432263295], [-0.0021785696120225403, 3.9167536406946653]]}