{"norm_comp": true, "f1_at_f2_0": [0.9914624281003988, 1.006029170154442], "f2_at_f2_0": [0.9878026530963191, 1.0089531021489844], "f1_MAD": [0.0039447757164501355, 0.0027046811355869167], "f2_MAD": [0.0027046811355869167, 0.013691169518916782], "s_fit": [1, 1, 1], "coeffs": [[0.0016031642518315081, -1.1435774667544532], [0.0023022602465450257, -2.0782696280791506], [-0.001587465904149508, 3.1356541072820177]]}