{"norm_comp": true, "f1_at_f2_0": [0.955900088604233, 0.9747645432657328], "f2_at_f2_0": [0.9489454825920665, 0.9961322451727916], "f1_MAD": [0.003209362267149397, 0.005788930355011814], "f2_MAD": [0.005788930355011814, 0.009295818075304], "s_fit": [1, 1, 1], "coeffs": [[0.009564388127340092, -11.781628332715227], [0.0032613031223991786, -3.3943476438496982], [0.007592345270132172, -9.175203262003194]]}