{"norm_comp": false, "f1_at_f2_0": [0.9881465884989371, 0.9992534187404055], "f2_at_f2_0": [0.9903602585132084, 1.0089215240864544], "f1_MAD": [0.001728244631284566, 0.002227984745362379], "f2_MAD": [0.002227984745362379, 0.00868137680801466], "s_fit": [], "coeffs": []}