{"norm_comp": true, "f1_at_f2_0": [1.0488833328917426, 1.02061506716126], "f2_at_f2_0": [1.0494365773082697, 1.0028329493784414], "f1_MAD": [0.002826531324156696, 0.0029260115477162964], "f2_MAD": [0.0029260115477162964, 0.004251975275495916], "s_fit": [1, 1, 1], "coeffs": [[-0.00245737438327919, 4.321531371856888], [-0.0036405538614566824, 5.897803003080351], [-0.003226595764750638, 5.325448281220494]]}