{"norm_comp": true, "f1_at_f2_0": [1.0757526660162986, 1.0336866566726206], "f2_at_f2_0": [1.0788322566742368, 1.0095154860868405], "f1_MAD": [0.0026094856146732805, 0.0037047850068808274], "f2_MAD": [0.0037047850068808274, 0.006760733009194727], "s_fit": [1, 1, 1], "coeffs": [[-0.005876302303505869, 8.901613202688925], [-0.0057025113387653035, 8.673243868096366], [-0.007120374455954186, 10.548559740718705]]}