{"norm_comp": false, "f1_at_f2_0": [0.9979766258362996], "f2_at_f2_0": [1.0069304210387606], "f1_MAD": [0.007050197699752149], "f2_MAD": [0.007454738281387575], "s_fit": [], "coeffs": []}