{"norm_comp": false, "f1_at_f2_0": [1.0002323725374707], "f2_at_f2_0": [1.0058632092137323], "f1_MAD": [0.005738769867004818], "f2_MAD": [0.005225289988882376], "s_fit": [], "coeffs": []}