{"norm_comp": false, "f1_at_f2_0": [1.0057244520187045], "f2_at_f2_0": [1.0015182363561868], "f1_MAD": [0.004887229697120758], "f2_MAD": [0.004615232179036148], "s_fit": [], "coeffs": []}