{"norm_comp": true, "f1_at_f2_0": [0.9959413397647605], "f2_at_f2_0": [1.0322919653362002], "f1_MAD": [0.009750067466789584], "f2_MAD": [0.00815643368879233], "s_fit": [1, 1], "coeffs": [[0.0025113602099373, -4.150240670036755], [0.0019667696732725785, -2.9979362233437676]]}