{"norm_comp": true, "f1_at_f2_0": [0.987779190518216], "f2_at_f2_0": [1.0194232095812041], "f1_MAD": [0.009773592954361046], "f2_MAD": [0.009196967287507081], "s_fit": [1, 1], "coeffs": [[-0.00037306138532779663, 1.752242122649115], [-0.0016466906288454667, 4.3937578256755065]]}