{"norm_comp": false, "f1_at_f2_0": [0.9988754081265707], "f2_at_f2_0": [1.0073349606000577], "f1_MAD": [0.005761606278996906], "f2_MAD": [0.005427755021475296], "s_fit": [], "coeffs": []}