{"norm_comp": false, "f1_at_f2_0": [0.9959532161969147], "f2_at_f2_0": [0.9859559716317268], "f1_MAD": [0.012182809920297204], "f2_MAD": [0.01206289820564918], "s_fit": [], "coeffs": []}