{"norm_comp": true, "f1_at_f2_0": [1.006858303309711], "f2_at_f2_0": [0.9878096302477624], "f1_MAD": [0.009358671690987391], "f2_MAD": [0.009480032331238545], "s_fit": [1, 1], "coeffs": [[-0.0016054264804758397, 4.2966360258332355], [-0.0014712156146638618, 4.002567648139298]]}