{"norm_comp": false, "f1_at_f2_0": [0.9988953900308839], "f2_at_f2_0": [1.007394737862163], "f1_MAD": [0.006744985880520343], "f2_MAD": [0.006947732091709438], "s_fit": [], "coeffs": []}