{"norm_comp": true, "f1_at_f2_0": [0.9959338193012848], "f2_at_f2_0": [1.0136117269091245], "f1_MAD": [0.005853371660896207], "f2_MAD": [0.005947225436982237], "s_fit": [1, 1], "coeffs": [[0.0011970672592185986, -1.4570500137375297], [-6.532850563923412e-05, 1.1474803687381823]]}