{"norm_comp": false, "f1_at_f2_0": [0.9856776233774729, 1.0010301293615573], "f2_at_f2_0": [0.9869912984649665, 1.0113054294378092], "f1_MAD": [0.0026341147195195987, 0.003270930833660561], "f2_MAD": [0.003270930833660561, 0.012056807331319799], "s_fit": [], "coeffs": []}