{"norm_comp": true, "f1_at_f2_0": [0.9989154500582756], "f2_at_f2_0": [1.012502013636093], "f1_MAD": [0.0051397852583540985], "f2_MAD": [0.004778282783455174], "s_fit": [0, 0, 1], "coeffs": [[0.9989154500582756], [1.012502013636093], [-0.0016622486443440673, 3.228339278695292]]}