{"norm_comp": false, "f1_at_f2_0": [1.0020413221594884, 1.0041368072113113], "f2_at_f2_0": [0.9960107781146088, 1.005284231099783], "f1_MAD": [0.003745670783707206, 0.005033650496628633], "f2_MAD": [0.005033650496628633, 0.011870175901316756], "s_fit": [], "coeffs": []}