{"norm_comp": true, "f1_at_f2_0": [1.0373565871328565, 1.0215500283592651], "f2_at_f2_0": [1.0438688940024292, 1.004319464724861], "f1_MAD": [0.00416768908414314, 0.0037140308239565515], "f2_MAD": [0.0037140308239565515, 0.010943410108969362], "s_fit": [1, 1, 1], "coeffs": [[-0.002373632701585797, 4.19848028848046], [-0.0028191802610656644, 4.798357756441904], [-0.0039035988967532605, 6.233904349452875]]}