{"norm_comp": false, "f1_at_f2_0": [1.0041272063821192, 1.0007793458170993], "f2_at_f2_0": [1.0007793458170993, 1.0013673464728678], "f1_MAD": [0.002836326730384334, 0.003455272791145398], "f2_MAD": [0.003455272791145398, 0.009354754645458081], "s_fit": [], "coeffs": []}