{"norm_comp": false, "f1_at_f2_0": [0.9831280601747849, 1.0019814506418454], "f2_at_f2_0": [0.9879540929270587, 1.0099089502325804], "f1_MAD": [0.0036948650057365058, 0.0034780781718756052], "f2_MAD": [0.0034780781718756052, 0.010953681749641835], "s_fit": [], "coeffs": []}