{"norm_comp": true, "f1_at_f2_0": [1.0451177509323442, 1.0184386480105738], "f2_at_f2_0": [1.0439575893764106, 1.0059196031466078], "f1_MAD": [0.0034343599876712214, 0.0038288406061148424], "f2_MAD": [0.0038288406061148424, 0.011287130319142476], "s_fit": [1, 1, 1], "coeffs": [[-0.0031516736977387303, 5.242410119789451], [-0.0032233939184939317, 5.336764521014727], [-0.005781478331368983, 8.751267548156251]]}