{"norm_comp": true, "f1_at_f2_0": [1.0808710114567979], "f2_at_f2_0": [1.0714039203247179], "f1_MAD": [0.004072503342001611], "f2_MAD": [0.005353652154071305], "s_fit": [1, 1, 1], "coeffs": [[0.003183402727325573, -3.1586770052015543], [-0.005129835862855279, 7.903145713931202], [-0.0031031841730427903, 5.1601137286192715]]}