{"norm_comp": true, "f1_at_f2_0": [0.9769819463773258, 1.006177810535918], "f2_at_f2_0": [0.9790700075161118, 1.0110020871400918], "f1_MAD": [0.005104333972652064, 0.0050359140069674135], "f2_MAD": [0.0050359140069674135, 0.014005030713402639], "s_fit": [0, 1, 1], "coeffs": [[0.9769819463773258], [0.0034240890382214225, -3.5810158924695465], [-0.0007835967715243745, 2.0607733214474573]]}