{"norm_comp": true, "f1_at_f2_0": [1.0225880369825555], "f2_at_f2_0": [1.036157930362707], "f1_MAD": [0.0061563491656505], "f2_MAD": [0.006407594093714626], "s_fit": [1, 1, 1], "coeffs": [[-0.004673401577655742, 7.246466096622129], [-0.0034421947648399505, 5.6203564243085475], [-0.004129527603170761, 6.530650160252617]]}