{"norm_comp": true, "f1_at_f2_0": [0.9180728996055514, 0.9653462304507441], "f2_at_f2_0": [0.914221001273348, 0.9995254744910325], "f1_MAD": [0.0013521477539359225, 0.0034818332044083107], "f2_MAD": [0.0034818332044083107, 0.01272027694165308], "s_fit": [1, 1, 1], "coeffs": [[0.007000835642912283, -8.40540308101435], [0.006457820896624058, -7.686086317435987], [0.005126548844232644, -5.868424603299324]]}