{"norm_comp": true, "f1_at_f2_0": [1.0091122831048773, 1.0024232639622843], "f2_at_f2_0": [1.008282526536743, 1.0008165193287637], "f1_MAD": [0.00040155298977146114, 0.0004873260363050942], "f2_MAD": [0.0004873260363050942, 0.0038234465499489088], "s_fit": [1, 1, 1], "coeffs": [[-0.00017458981969339056, 1.2416250963459754], [-0.0007401055975877681, 1.9939301140812222], [-0.001240635560853148, 2.662874827084193]]}