{"norm_comp": true, "f1_at_f2_0": [0.9901911808917299], "f2_at_f2_0": [0.9995544358436145], "f1_MAD": [0.0011183055761603443], "f2_MAD": [0.0008136127586967607], "s_fit": [1, 1, 0], "coeffs": [[-0.001917431142035939, 3.5437610844165537], [0.00047586412200670546, 0.3658147027790246], [0.9972023523112475]]}