{"norm_comp": false, "f1_at_f2_0": [0.999672811639874, 0.99902848602203], "f2_at_f2_0": [1.0026154422514566, 0.9982515176939906], "f1_MAD": [0.0017854536144770413, 0.0028092530367539352], "f2_MAD": [0.0028092530367539352, 0.011240226343588445], "s_fit": [], "coeffs": []}