{"norm_comp": false, "f1_at_f2_0": [1.0004987152544007, 0.9998018887447986], "f2_at_f2_0": [0.999301364002255, 1.0014589681328816], "f1_MAD": [0.0007143015481972975, 0.0009032797405144024], "f2_MAD": [0.0009032797405144024, 0.004552809817145046], "s_fit": [], "coeffs": []}