{"norm_comp": true, "f1_at_f2_0": [0.9371585330059062], "f2_at_f2_0": [0.9570310375328539], "f1_MAD": [0.002485714303365805], "f2_MAD": [0.0030862926700717924], "s_fit": [1, 1, 1], "coeffs": [[-0.0027354765122801924, 4.580173575590849], [0.00447511929648643, -5.002781390493695], [-0.0010685566295722565, 2.454788349132521]]}