{"norm_comp": false, "f1_at_f2_0": [1.0187559824898385, 1.0077144283437525], "f2_at_f2_0": [1.0199664936728543, 1.0030892750098852], "f1_MAD": [0.0019812583363200647, 0.003287895267256262], "f2_MAD": [0.003287895267256262, 0.011030369101899674], "s_fit": [], "coeffs": []}