{"norm_comp": false, "f1_at_f2_0": [1.001734730074064, 1.0028884968544884], "f2_at_f2_0": [0.9994394522598142, 0.9974915316328256], "f1_MAD": [0.0019719896019091054, 0.0017419857294973993], "f2_MAD": [0.0017419857294973993, 0.0024628049034994453], "s_fit": [], "coeffs": []}