{"norm_comp": false, "f1_at_f2_0": [1.003780183752866, 1.0030169690394064], "f2_at_f2_0": [1.0043073170202714, 1.0016291019292143], "f1_MAD": [0.001708152880387809, 0.0031933653127216616], "f2_MAD": [0.0031933653127216616, 0.010801622229794763], "s_fit": [], "coeffs": []}