{"norm_comp": true, "f1_at_f2_0": [0.9104381846943953], "f2_at_f2_0": [0.9253979797351164], "f1_MAD": [0.0024919947132700185], "f2_MAD": [0.0022324694974482457], "s_fit": [0, 1, 1], "coeffs": [[0.9104381846943953], [0.007069307563592298, -8.48926658755777], [0.0016420359491702936, -1.1974248026517782]]}