{"norm_comp": false, "f1_at_f2_0": [1.0229493266101646, 1.0123374673892953], "f2_at_f2_0": [1.0240040252918765, 1.0041188297099994], "f1_MAD": [0.0024385960789276126, 0.0020755555169806638], "f2_MAD": [0.0020755555169806638, 0.009708459913589611], "s_fit": [], "coeffs": []}