{"norm_comp": true, "f1_at_f2_0": [1.0011480194474105], "f2_at_f2_0": [0.9860437454868962], "f1_MAD": [0.005879486804976973], "f2_MAD": [0.0051634405882609955], "s_fit": [1, 1], "coeffs": [[-0.002713632941812001, 6.561819471953356], [-0.0017774617362632961, 4.628349446626086]]}