{"norm_comp": true, "f1_at_f2_0": [1.0099804779181696], "f2_at_f2_0": [0.9856738972707344], "f1_MAD": [0.006369490951358914], "f2_MAD": [0.006664045511788358], "s_fit": [1, 1], "coeffs": [[0.0008916580207776429, -0.8171705804063925], [0.0023831701786503645, -3.89782606865895]]}