{"norm_comp": false, "f1_at_f2_0": [0.9957406676734706], "f2_at_f2_0": [1.003734467353631], "f1_MAD": [0.004069076702430671], "f2_MAD": [0.004214071991508643], "s_fit": [], "coeffs": []}