{"norm_comp": true, "f1_at_f2_0": [1.0028804371500648], "f2_at_f2_0": [1.024701868249105], "f1_MAD": [0.005471664945894991], "f2_MAD": [0.0043401711744538215], "s_fit": [1, 1], "coeffs": [[0.0030486199640622764, -5.244233438310566], [0.001204258124213563, -1.44301720664214]]}