{"norm_comp": true, "f1_at_f2_0": [0.9890664683309215], "f2_at_f2_0": [1.0078345682951777], "f1_MAD": [0.006189873556067101], "f2_MAD": [0.006879769261412014], "s_fit": [1, 1], "coeffs": [[-0.0002584602987405695, 1.5186932954039887], [0.0008183549904016118, -0.6691067611771129]]}