{"norm_comp": true, "f1_at_f2_0": [1.0005336396279692], "f2_at_f2_0": [1.0229117344576637], "f1_MAD": [0.005161605962372611], "f2_MAD": [0.004376194688008757], "s_fit": [1, 1], "coeffs": [[0.002051781154149773, -3.2038967808886367], [0.0018684703182449192, -2.805885225672632]]}