{"norm_comp": false, "f1_at_f2_0": [1.0034340952226812], "f2_at_f2_0": [0.9995841255259883], "f1_MAD": [0.004064057904930102], "f2_MAD": [0.005108957758779669], "s_fit": [], "coeffs": []}