{"norm_comp": true, "f1_at_f2_0": [1.007902132543876], "f2_at_f2_0": [1.0356666676653266], "f1_MAD": [0.00637037389758092], "f2_MAD": [0.004377928137501026], "s_fit": [1, 1], "coeffs": [[0.004258034620840204, -7.717497384487954], [0.002739023931146791, -4.577035016110796]]}