{"norm_comp": true, "f1_at_f2_0": [0.9879741080216133], "f2_at_f2_0": [1.0064903208817464], "f1_MAD": [0.005991976872460529], "f2_MAD": [0.006261808624217566], "s_fit": [1, 1], "coeffs": [[-0.0020182526559485493, 5.123699229483127], [-0.0015593320740345503, 4.201813172199612]]}