{"norm_comp": false, "f1_at_f2_0": [1.0047577035085928], "f2_at_f2_0": [1.0042427682529926], "f1_MAD": [0.0038211450324873693], "f2_MAD": [0.004259443335653419], "s_fit": [], "coeffs": []}