{"norm_comp": false, "f1_at_f2_0": [0.9952788839087627], "f2_at_f2_0": [1.0079575570401302], "f1_MAD": [0.010419435840960736], "f2_MAD": [0.009432746505449912], "s_fit": [], "coeffs": []}