{"norm_comp": false, "f1_at_f2_0": [0.9977865323934632], "f2_at_f2_0": [0.9955711373234237], "f1_MAD": [0.010145617455220116], "f2_MAD": [0.00952164229926255], "s_fit": [], "coeffs": []}