{"norm_comp": true, "f1_at_f2_0": [1.0032645215126754], "f2_at_f2_0": [1.0290673078270447], "f1_MAD": [0.005511041341302547], "f2_MAD": [0.0044673804794217575], "s_fit": [1, 1], "coeffs": [[0.0036547272135047646, -6.485860838699913], [0.0015766885464501485, -2.201821754082729]]}