{"norm_comp": true, "f1_at_f2_0": [1.013419312934659], "f2_at_f2_0": [0.9804424337506705], "f1_MAD": [0.011546169631436374], "f2_MAD": [0.012297586213871342], "s_fit": [1, 1], "coeffs": [[-0.0016196036022118302, 4.332248243859045], [-0.0018680186724967286, 4.808313898918139]]}