{"norm_comp": true, "f1_at_f2_0": [0.9897286399974422], "f2_at_f2_0": [1.0178575021701914], "f1_MAD": [0.011626201424566067], "f2_MAD": [0.011716593992551925], "s_fit": [0, 1], "coeffs": [[0.9897286399974422], [-0.001151024391703586, 3.3764920755735877]]}