{"norm_comp": false, "f1_at_f2_0": [1.0036203695964208], "f2_at_f2_0": [0.9863644579837123], "f1_MAD": [0.013101142307072232], "f2_MAD": [0.013109291842378128], "s_fit": [], "coeffs": []}