{"norm_comp": true, "f1_at_f2_0": [0.978793004614433], "f2_at_f2_0": [1.0252705184592148], "f1_MAD": [0.018860438112026073], "f2_MAD": [0.01731617550388985], "s_fit": [1, 0], "coeffs": [[0.0005662718518556458, -0.18158932729695368], [1.0252705184592148]]}