{"norm_comp": true, "f1_at_f2_0": [1.0139220877365278], "f2_at_f2_0": [0.977472871930567], "f1_MAD": [0.010452878088653434], "f2_MAD": [0.010286733992339765], "s_fit": [1, 1], "coeffs": [[-0.001488549199388488, 4.064199415650686], [-0.0008799155121197241, 2.7805616366159267]]}