{"norm_comp": false, "f1_at_f2_0": [0.9988210934896209], "f2_at_f2_0": [0.9861383997815825], "f1_MAD": [0.017361051533788387], "f2_MAD": [0.01832975150595506], "s_fit": [], "coeffs": []}