{"norm_comp": false, "f1_at_f2_0": [0.997548987821828], "f2_at_f2_0": [0.9834271951273976], "f1_MAD": [0.0173696822118511], "f2_MAD": [0.017549526081549485], "s_fit": [], "coeffs": []}