{"norm_comp": true, "f1_at_f2_0": [1.1791834647642787, 1.0942490735531631], "f2_at_f2_0": [1.1774556992236054, 1.0175934113794405], "f1_MAD": [0.0022370175509951492, 0.0016889570586682045], "f2_MAD": [0.0016889570586682045, 0.01141440448341744], "s_fit": [1, 1, 1], "coeffs": [[-0.008961699151272248, 13.114074569570244], [-0.010510136427198193, 15.1745037632012], [-0.012193304333877034, 17.352760106750853]]}