{"norm_comp": true, "f1_at_f2_0": [1.0176405535291355], "f2_at_f2_0": [0.9886532261647709], "f1_MAD": [0.010576614788133062], "f2_MAD": [0.009494123468593654], "s_fit": [1, 1, 0], "coeffs": [[0.009320663468947027, -11.395307219955699], [0.002090737938940972, -1.7957216126630364], [1.0018948878252896]]}