{"norm_comp": true, "f1_at_f2_0": [0.968323380917542, 0.986043301466696], "f2_at_f2_0": [0.9683851011773199, 1.0010103318662753], "f1_MAD": [0.00044683210281728006, 0.0006161399440023081], "f2_MAD": [0.0006161399440023081, 0.0019266768891953098], "s_fit": [1, 1, 1], "coeffs": [[0.002031289220481086, -1.7368796435966505], [0.0022304725447610855, -2.0020836106856343], [0.0016208883403007349, -1.170466776257173]]}