{"norm_comp": true, "f1_at_f2_0": [0.988929077338899, 0.9989024840446976], "f2_at_f2_0": [0.9883252898723989, 1.002678752863808], "f1_MAD": [0.0006952641181826905, 0.0009393475428657272], "f2_MAD": [0.0009393475428657272, 0.0031331772532076103], "s_fit": [1, 1, 0], "coeffs": [[0.0010535273672229188, -0.4141234232522896], [0.0013360444901122372, -0.7909740630189388], [1.002678752863808]]}