{"norm_comp": true, "f1_at_f2_0": [0.9931058185313311, 0.9994097754570757], "f2_at_f2_0": [0.9932689566540978, 1.0048368907386305], "f1_MAD": [0.0007159852291515845, 0.0009219676360133985], "f2_MAD": [0.0009219676360133985, 0.004189164836173146], "s_fit": [1, 1, 1], "coeffs": [[0.0005586674603450166, 0.24909118576275552], [0.0007756695199926782, -0.03974175907780482], [-0.0006505351249783975, 1.8763479608094553]]}