{"norm_comp": false, "f1_at_f2_0": [0.9996713597246912], "f2_at_f2_0": [1.0018568492730888], "f1_MAD": [0.0013064391543913434], "f2_MAD": [0.0011844967108415863], "s_fit": [], "coeffs": []}