{"norm_comp": false, "f1_at_f2_0": [0.9997762648933503], "f2_at_f2_0": [1.001949674842444], "f1_MAD": [0.0012189995050510979], "f2_MAD": [0.0011025055814682103], "s_fit": [], "coeffs": []}