{"norm_comp": true, "f1_at_f2_0": [0.9960840575800952], "f2_at_f2_0": [1.0069255159951478], "f1_MAD": [0.0020182803205645128], "f2_MAD": [0.0021338996785336376], "s_fit": [0, 1], "coeffs": [[0.9960840575800952], [-6.068388890369405e-05, 1.1312765892204344]]}