{"norm_comp": true, "f1_at_f2_0": [0.9967694049052751], "f2_at_f2_0": [1.001678128390863], "f1_MAD": [0.0018008758810901281], "f2_MAD": [0.001187435919748852], "s_fit": [1, 1], "coeffs": [[-0.0006663533764277146, 2.3622349181254663], [-0.000517498162577529, 2.062115306547918]]}