{"norm_comp": true, "f1_at_f2_0": [0.9997747280394229], "f2_at_f2_0": [1.0040038357711993], "f1_MAD": [0.001813222591171318], "f2_MAD": [0.0015499858372602867], "s_fit": [1, 1], "coeffs": [[0.0005971154030833508, -0.2238110136489983], [0.00031619919509983947, 0.35606070005625573]]}