{"norm_comp": false, "f1_at_f2_0": [1.0008954225431148], "f2_at_f2_0": [1.002317277941063], "f1_MAD": [0.0012752055614072338], "f2_MAD": [0.0013128780648633208], "s_fit": [], "coeffs": []}