{"norm_comp": false, "f1_at_f2_0": [1.000109626579349], "f2_at_f2_0": [1.0025685907491888], "f1_MAD": [0.001259417777305979], "f2_MAD": [0.0014047099073082412], "s_fit": [], "coeffs": []}