{"norm_comp": true, "f1_at_f2_0": [0.9950483204501359], "f2_at_f2_0": [1.0077102838141079], "f1_MAD": [0.0031629171939235455], "f2_MAD": [0.0035484627016953876], "s_fit": [1, 1], "coeffs": [[0.0002482192308472892, 0.486407092792483], [0.0006772789954173125, -0.38014358439702983]]}