{"norm_comp": true, "f1_at_f2_0": [0.9986960320031439], "f2_at_f2_0": [1.021345378521377], "f1_MAD": [0.0029042735172316596], "f2_MAD": [0.003997977177283582], "s_fit": [1, 1], "coeffs": [[0.0008526288472039299, -0.748477956481852], [0.0006384538629479344, -0.28694953297320813]]}