{"norm_comp": false, "f1_at_f2_0": [1.0047008639514343], "f2_at_f2_0": [1.0051338526506948], "f1_MAD": [0.004429093074749255], "f2_MAD": [0.003515863650015505], "s_fit": [], "coeffs": []}