{"norm_comp": false, "f1_at_f2_0": [0.9989986917093253], "f2_at_f2_0": [1.0016036653970988], "f1_MAD": [0.002326845843666938], "f2_MAD": [0.0022820101364942327], "s_fit": [], "coeffs": []}