{"norm_comp": true, "f1_at_f2_0": [0.9964583462832799], "f2_at_f2_0": [1.0038380682882102], "f1_MAD": [0.002956206353638119], "f2_MAD": [0.003791166046315381], "s_fit": [1, 1], "coeffs": [[-0.0006248701902750054, 2.2769181221968147], [-0.0010798959279013835, 3.2167189503830818]]}