{"norm_comp": false, "f1_at_f2_0": [0.9994756675968614], "f2_at_f2_0": [1.004827988179776], "f1_MAD": [0.003458761825595885], "f2_MAD": [0.003776263710372931], "s_fit": [], "coeffs": []}