{"norm_comp": true, "f1_at_f2_0": [0.9952525142261974], "f2_at_f2_0": [0.9626058619132847], "f1_MAD": [0.005562124000871247], "f2_MAD": [0.004413934272358445], "s_fit": [1, 1], "coeffs": [[-0.003153413280909871, 7.457104793112431], [-0.002573717487243917, 6.2365679876000994]]}