{"norm_comp": true, "f1_at_f2_0": [1.0038688403445688], "f2_at_f2_0": [1.0352699548824529], "f1_MAD": [0.0052593565588527], "f2_MAD": [0.003961925393688776], "s_fit": [1, 1], "coeffs": [[0.0039504118014630565, -7.091161917709983], [0.0014384649131204508, -1.9123765947202347]]}