{"norm_comp": false, "f1_at_f2_0": [1.000569274439795], "f2_at_f2_0": [1.0045127773742772], "f1_MAD": [0.00341471873771456], "f2_MAD": [0.0036282205545161757], "s_fit": [], "coeffs": []}