{"norm_comp": false, "f1_at_f2_0": [0.9992160285528444], "f2_at_f2_0": [1.0050224205217417], "f1_MAD": [0.0037059522635679836], "f2_MAD": [0.0040511251144597455], "s_fit": [], "coeffs": []}