{"norm_comp": true, "f1_at_f2_0": [0.9602317444632558, 0.9937734117768562], "f2_at_f2_0": [0.960980435694311, 1.0156188264114079], "f1_MAD": [0.0011219405216698355, 0.002743893207107348], "f2_MAD": [0.002743893207107348, 0.0159404503027249], "s_fit": [1, 1, 0], "coeffs": [[0.0051456054348301625, -5.892513420975304], [0.004142202014614734, -4.555465624818271], [1.0156188264114079]]}