{"norm_comp": true, "f1_at_f2_0": [0.9858153532283743, 0.995923755306432], "f2_at_f2_0": [0.9863733612234675, 1.002200282430704], "f1_MAD": [0.0005209580331097802, 0.0006493921671551345], "f2_MAD": [0.0006493921671551345, 0.0042611969477275215], "s_fit": [1, 1, 0], "coeffs": [[0.0010315938340035085, -0.388026801635002], [0.0012063455756879653, -0.6201973166770924], [1.002200282430704]]}