{"norm_comp": false, "f1_at_f2_0": [1.0125536164836866, 1.0054523862396585], "f2_at_f2_0": [1.0183963387777335, 1.002953176648452], "f1_MAD": [0.013328018817710984, 0.016503438228024917], "f2_MAD": [0.016503438228024917, 0.01898032038600115], "s_fit": [], "coeffs": []}