{"norm_comp": true, "f1_at_f2_0": [0.9981921470510722, 1.009197743069259], "f2_at_f2_0": [0.9999687158020428, 0.9980744021161885], "f1_MAD": [0.0006628486982593853, 0.0028598158399514083], "f2_MAD": [0.0028598158399514083, 0.00560594361885202], "s_fit": [1, 1, 1], "coeffs": [[-0.0016336008075084347, 3.173766416695014], [0.0011657533100721108, -0.5525420900742853], [-0.0006085297459941258, 1.8133113272534305]]}