{"norm_comp": true, "f1_at_f2_0": [1.026241101280644], "f2_at_f2_0": [1.0365325207556948], "f1_MAD": [0.0013659273073979982], "f2_MAD": [0.003298339195453386], "s_fit": [1, 1, 1], "coeffs": [[-0.004997707423621041, 7.682018711125093], [-0.004016195422216571, 6.385165664346403], [-0.005314222157345097, 8.121865418842447]]}