{"norm_comp": false, "f1_at_f2_0": [1.003688501757591, 1.0021104324343775], "f2_at_f2_0": [1.0031929883765345, 0.9996349118102947], "f1_MAD": [0.0005863009812348943, 0.0008911583424756507], "f2_MAD": [0.0008911583424756507, 0.004448327163684367], "s_fit": [], "coeffs": []}