{"norm_comp": false, "f1_at_f2_0": [1.0021604897180136, 1.0007522002101288], "f2_at_f2_0": [1.0026284337012643, 1.0001777667268137], "f1_MAD": [0.00048765159704784825, 0.0006399007828870561], "f2_MAD": [0.0006399007828870561, 0.004510645569580281], "s_fit": [], "coeffs": []}