{"norm_comp": true, "f1_at_f2_0": [1.0061484316513964], "f2_at_f2_0": [1.0022072707435914], "f1_MAD": [0.0005310816999630323], "f2_MAD": [0.0007839200186842924], "s_fit": [1, 1, 1], "coeffs": [[0.0002469792724171046, 0.6772297951421767], [-5.6947728353439114e-05, 1.078048328088181], [-0.000913695336531203, 2.223289998098568]]}