{"norm_comp": true, "f1_at_f2_0": [1.0122291421754612], "f2_at_f2_0": [1.0085339202235937], "f1_MAD": [0.0007671869245937143], "f2_MAD": [0.0011298751450804167], "s_fit": [1, 1, 1], "coeffs": [[0.0036698318391248943, -3.875128703403348], [-0.0021528451579772884, 3.8756202430850943], [0.0004390117061361174, 0.40531933618761784]]}