{"norm_comp": true, "f1_at_f2_0": [0.9127247008997319, 0.9631038680346062], "f2_at_f2_0": [0.9114115501831002, 0.9936575928485212], "f1_MAD": [0.0016277259626298996, 0.004755133190246433], "f2_MAD": [0.004755133190246433, 0.011244599830067623], "s_fit": [1, 1, 1], "coeffs": [[0.009164362712153165, -11.292063410495624], [0.006529452010045781, -7.78429166117637], [0.0073374566306542415, -8.836207949928372]]}