{"norm_comp": true, "f1_at_f2_0": [0.9767912183965923, 0.9908930971417826], "f2_at_f2_0": [0.9771948145908429, 0.9985958889965005], "f1_MAD": [0.000501480911386181, 0.0006561607960575426], "f2_MAD": [0.0006561607960575426, 0.004041634840566619], "s_fit": [1, 1, 1], "coeffs": [[0.0020281318069484675, -1.7242060842267284], [0.001730281834011521, -1.327135974183182], [0.0011613477701663613, -0.5572419174507723]]}