{"norm_comp": true, "f1_at_f2_0": [1.0577481385109941, 1.0131366251157186], "f2_at_f2_0": [1.0468573563481494, 0.999335663609858], "f1_MAD": [0.0066180723207844, 0.006153583536746048], "f2_MAD": [0.006153583536746048, 0.01604995240517936], "s_fit": [1, 1, 1], "coeffs": [[0.0008745155204880951, -0.10690203552998301], [-0.004259392990623905, 6.719372791031712], [-0.0042285073520322665, 6.664194866111822]]}