{"norm_comp": true, "f1_at_f2_0": [0.9072188216129318], "f2_at_f2_0": [0.9488887856675161], "f1_MAD": [0.010231705590758575], "f2_MAD": [0.009183284485567834], "s_fit": [1, 1, 1], "coeffs": [[-0.0031880427182151097, 5.152946221107201], [0.004893766040426251, -5.5684632077163965], [0.0009601665712611239, -0.2744054660815959]]}