{"norm_comp": true, "f1_at_f2_0": [1.0745552536209644, 1.0313151322836092], "f2_at_f2_0": [1.073413178544076, 1.0056617001060904], "f1_MAD": [0.0075391903171483365, 0.005833404992664684], "f2_MAD": [0.005833404992664684, 0.009365795982801989], "s_fit": [1, 1, 1], "coeffs": [[-0.003118915477120235, 5.2282213328916844], [-0.005317563309194797, 8.15516403194353], [-0.005530051125667684, 8.414176904528958]]}