{"norm_comp": true, "f1_at_f2_0": [0.9572078382643019, 0.9927886708883005], "f2_at_f2_0": [0.9546104177481487, 1.004144331736041], "f1_MAD": [0.009098324759587006, 0.008133712255101073], "f2_MAD": [0.008133712255101073, 0.016522863477099522], "s_fit": [1, 1, 1], "coeffs": [[0.00578440643572762, -6.746268891724312], [0.0048224394275006455, -5.467751206441178], [0.0030657872759370236, -3.1030386094638573]]}