{"norm_comp": true, "f1_at_f2_0": [1.067533673383947], "f2_at_f2_0": [1.0944648691558], "f1_MAD": [0.007351624155688524], "f2_MAD": [0.006051649057325825], "s_fit": [1, 1, 1], "coeffs": [[-0.007416332430843775, 10.944354214552979], [-0.0061334607548896285, 9.262800328392457], [-0.007310545397466422, 10.802056968005509]]}