{"norm_comp": true, "f1_at_f2_0": [1.0899658257963107, 1.0373682635983137], "f2_at_f2_0": [1.089467383035334, 1.0066778996365349], "f1_MAD": [0.0028465173579045526, 0.0031233425975437062], "f2_MAD": [0.0031233425975437062, 0.004836702020474314], "s_fit": [1, 1, 1], "coeffs": [[-0.004661747470209237, 7.298323339547472], [-0.006580836655591316, 9.853602926326706], [-0.005668335209127277, 8.600449932895028]]}