{"norm_comp": false, "f1_at_f2_0": [0.9990751886850848, 0.9994668971659912], "f2_at_f2_0": [0.9909283419631454, 1.0087405328637824], "f1_MAD": [0.007339896725778535, 0.007983233900143468], "f2_MAD": [0.007983233900143468, 0.012610934553026991], "s_fit": [], "coeffs": []}