{"norm_comp": true, "f1_at_f2_0": [1.0199325949789575], "f2_at_f2_0": [1.0012959160745547], "f1_MAD": [0.008482397789450353], "f2_MAD": [0.007772736445982383], "s_fit": [1, 1, 1], "coeffs": [[0.007585565429758063, -9.082266726807937], [-0.0014158822906096369, 2.886920033139609], [-0.0012107202360459141, 2.6264540181680114]]}