{"norm_comp": true, "f1_at_f2_0": [0.9640911532166774, 1.0029185232620348], "f2_at_f2_0": [0.9743592986356449, 1.0104203193270753], "f1_MAD": [0.005254411700434844, 0.005438707609453383], "f2_MAD": [0.005438707609453383, 0.011695858813444022], "s_fit": [1, 1, 1], "coeffs": [[-0.0015311153970626182, 3.003178821632819], [0.0036074235861857248, -3.82988534775531], [-0.0009778600927831183, 2.320442812890805]]}